Time,NodeID,Message
2022-03-11 02:43:40.952394,A000001,Cloud App Received Hello World 1101
2022-03-11 02:43:40.952394,A000002,Cloud App Received Hello World 1101
2022-03-11 02:43:40.952394,A000003,Cloud App Received Hello World 1101
2022-03-11 02:43:40.952394,A000004,Cloud App Received Hello World 1101
2022-03-11 02:43:40.952394,A000005,Cloud App Received Hello World 1101
2022-03-11 02:43:40.999915,A000001,Cloud App Received Hello World 1102
2022-03-11 02:43:40.999915,A000002,Cloud App Received Hello World 1102
2022-03-11 02:43:40.999915,A000003,Cloud App Received Hello World 1102
2022-03-11 02:43:40.999915,A000004,Cloud App Received Hello World 1102
2022-03-11 02:43:40.999915,A000005,Cloud App Received Hello World 1102
2022-03-11 02:43:41.047126,A000001,Cloud App Received Hello World 1103
2022-03-11 02:43:41.047126,A000002,Cloud App Received Hello World 1103
2022-03-11 02:43:41.047126,A000003,Cloud App Received Hello World 1103
2022-03-11 02:43:41.047126,A000004,Cloud App Received Hello World 1103
2022-03-11 02:43:41.047126,A000005,Cloud App Received Hello World 1103
2022-03-11 02:43:41.149993,A000001,Cloud App Received Hello World 1104
2022-03-11 02:43:41.149993,A000002,Cloud App Received Hello World 1104
2022-03-11 02:43:41.149993,A000003,Cloud App Received Hello World 1104
2022-03-11 02:43:41.149993,A000004,Cloud App Received Hello World 1104
2022-03-11 02:43:41.149993,A000005,Cloud App Received Hello World 1104
2022-03-11 02:43:41.282486,A000001,Cloud App Received Hello World 1105
2022-03-11 02:43:41.282486,A000002,Cloud App Received Hello World 1105
2022-03-11 02:43:41.282486,A000003,Cloud App Received Hello World 1105
2022-03-11 02:43:41.282486,A000004,Cloud App Received Hello World 1105
2022-03-11 02:43:41.282486,A000005,Cloud App Received Hello World 1105
2022-03-11 02:43:41.357960,A000001,Cloud App Received Hello World 1106
2022-03-11 02:43:41.357960,A000002,Cloud App Received Hello World 1106
2022-03-11 02:43:41.357960,A000003,Cloud App Received Hello World 1106
2022-03-11 02:43:41.357960,A000004,Cloud App Received Hello World 1106
2022-03-11 02:43:41.357960,A000005,Cloud App Received Hello World 1106
2022-03-11 02:43:41.402578,A000001,Cloud App Received Hello World 1107
2022-03-11 02:43:41.402578,A000002,Cloud App Received Hello World 1107
2022-03-11 02:43:41.402578,A000003,Cloud App Received Hello World 1107
2022-03-11 02:43:41.402578,A000004,Cloud App Received Hello World 1107
2022-03-11 02:43:41.402578,A000005,Cloud App Received Hello World 1107
2022-03-11 02:43:41.450186,A000001,Cloud App Received Hello World 1108
2022-03-11 02:43:41.450186,A000002,Cloud App Received Hello World 1108
2022-03-11 02:43:41.450416,A000003,Cloud App Received Hello World 1108
2022-03-11 02:43:41.450416,A000004,Cloud App Received Hello World 1108
2022-03-11 02:43:41.450416,A000005,Cloud App Received Hello World 1108
2022-03-11 02:43:41.496587,A000001,Cloud App Received Hello World 1109
2022-03-11 02:43:41.496587,A000002,Cloud App Received Hello World 1109
2022-03-11 02:43:41.496587,A000003,Cloud App Received Hello World 1109
2022-03-11 02:43:41.496587,A000004,Cloud App Received Hello World 1109
2022-03-11 02:43:41.496587,A000005,Cloud App Received Hello World 1109
2022-03-11 02:43:41.542154,A000001,Cloud App Received Hello World 1110
2022-03-11 02:43:41.542154,A000002,Cloud App Received Hello World 1110
2022-03-11 02:43:41.542154,A000003,Cloud App Received Hello World 1110
2022-03-11 02:43:41.542154,A000004,Cloud App Received Hello World 1110
2022-03-11 02:43:41.542154,A000005,Cloud App Received Hello World 1110
2022-03-11 02:43:41.587897,A000001,Cloud App Received Hello World 1111
2022-03-11 02:43:41.587897,A000002,Cloud App Received Hello World 1111
2022-03-11 02:43:41.587897,A000003,Cloud App Received Hello World 1111
2022-03-11 02:43:41.587897,A000004,Cloud App Received Hello World 1111
2022-03-11 02:43:41.587897,A000005,Cloud App Received Hello World 1111
2022-03-11 02:43:41.633661,A000001,Cloud App Received Hello World 1112
2022-03-11 02:43:41.633661,A000002,Cloud App Received Hello World 1112
2022-03-11 02:43:41.633661,A000003,Cloud App Received Hello World 1112
2022-03-11 02:43:41.633661,A000004,Cloud App Received Hello World 1112
2022-03-11 02:43:41.633661,A000005,Cloud App Received Hello World 1112
2022-03-11 02:43:41.680381,A000001,Cloud App Received Hello World 1113
2022-03-11 02:43:41.680381,A000002,Cloud App Received Hello World 1113
2022-03-11 02:43:41.680381,A000003,Cloud App Received Hello World 1113
2022-03-11 02:43:41.680381,A000004,Cloud App Received Hello World 1113
2022-03-11 02:43:41.680381,A000005,Cloud App Received Hello World 1113
2022-03-11 02:43:41.729067,A000001,Cloud App Received Hello World 1114
2022-03-11 02:43:41.729188,A000002,Cloud App Received Hello World 1114
2022-03-11 02:43:41.729188,A000003,Cloud App Received Hello World 1114
2022-03-11 02:43:41.729188,A000004,Cloud App Received Hello World 1114
2022-03-11 02:43:41.729188,A000005,Cloud App Received Hello World 1114
2022-03-11 02:43:41.773922,A000001,Cloud App Received Hello World 1115
2022-03-11 02:43:41.773922,A000002,Cloud App Received Hello World 1115
2022-03-11 02:43:41.773922,A000003,Cloud App Received Hello World 1115
2022-03-11 02:43:41.773922,A000004,Cloud App Received Hello World 1115
2022-03-11 02:43:41.773922,A000005,Cloud App Received Hello World 1115
2022-03-11 02:43:41.820394,A000001,Cloud App Received Hello World 1116
2022-03-11 02:43:41.820394,A000002,Cloud App Received Hello World 1116
2022-03-11 02:43:41.820394,A000003,Cloud App Received Hello World 1116
2022-03-11 02:43:41.820394,A000004,Cloud App Received Hello World 1116
2022-03-11 02:43:41.820394,A000005,Cloud App Received Hello World 1116
2022-03-11 02:43:41.866572,A000001,Cloud App Received Hello World 1117
2022-03-11 02:43:41.866572,A000002,Cloud App Received Hello World 1117
2022-03-11 02:43:41.866572,A000003,Cloud App Received Hello World 1117
2022-03-11 02:43:41.866572,A000004,Cloud App Received Hello World 1117
2022-03-11 02:43:41.866572,A000005,Cloud App Received Hello World 1117
2022-03-11 02:43:41.912389,A000001,Cloud App Received Hello World 1118
2022-03-11 02:43:41.912389,A000002,Cloud App Received Hello World 1118
2022-03-11 02:43:41.912389,A000003,Cloud App Received Hello World 1118
2022-03-11 02:43:41.912389,A000004,Cloud App Received Hello World 1118
2022-03-11 02:43:41.912389,A000005,Cloud App Received Hello World 1118
2022-03-11 02:43:41.958384,A000001,Cloud App Received Hello World 1119
2022-03-11 02:43:41.958384,A000002,Cloud App Received Hello World 1119
2022-03-11 02:43:41.958384,A000003,Cloud App Received Hello World 1119
2022-03-11 02:43:41.958384,A000004,Cloud App Received Hello World 1119
2022-03-11 02:43:41.958384,A000005,Cloud App Received Hello World 1119
2022-03-11 02:43:42.005141,A000001,Cloud App Received Hello World 1120
2022-03-11 02:43:42.005141,A000002,Cloud App Received Hello World 1120
2022-03-11 02:43:42.005141,A000003,Cloud App Received Hello World 1120
2022-03-11 02:43:42.005141,A000004,Cloud App Received Hello World 1120
2022-03-11 02:43:42.005141,A000005,Cloud App Received Hello World 1120
2022-03-11 02:43:42.053220,A000001,Cloud App Received Hello World 1121
2022-03-11 02:43:42.053220,A000002,Cloud App Received Hello World 1121
2022-03-11 02:43:42.053220,A000003,Cloud App Received Hello World 1121
2022-03-11 02:43:42.053220,A000004,Cloud App Received Hello World 1121
2022-03-11 02:43:42.053220,A000005,Cloud App Received Hello World 1121
2022-03-11 02:43:42.099993,A000001,Cloud App Received Hello World 1122
2022-03-11 02:43:42.099993,A000002,Cloud App Received Hello World 1122
2022-03-11 02:43:42.099993,A000003,Cloud App Received Hello World 1122
2022-03-11 02:43:42.099993,A000004,Cloud App Received Hello World 1122
2022-03-11 02:43:42.099993,A000005,Cloud App Received Hello World 1122
2022-03-11 02:43:42.146037,A000001,Cloud App Received Hello World 1123
2022-03-11 02:43:42.146037,A000002,Cloud App Received Hello World 1123
2022-03-11 02:43:42.146037,A000003,Cloud App Received Hello World 1123
2022-03-11 02:43:42.146037,A000004,Cloud App Received Hello World 1123
2022-03-11 02:43:42.146037,A000005,Cloud App Received Hello World 1123
