Time,NodeID,Message
2022-02-28 16:45:44.856826,A000001,Cloud App Received Hello World 301
2022-02-28 16:45:44.856826,A000002,Cloud App Received Hello World 301
2022-02-28 16:45:44.856826,A000003,Cloud App Received Hello World 301
2022-02-28 16:45:44.856826,A000004,Cloud App Received Hello World 301
2022-02-28 16:45:44.856826,A000005,Cloud App Received Hello World 301
2022-02-28 16:45:44.914491,A000001,Cloud App Received Hello World 302
2022-02-28 16:45:44.914491,A000002,Cloud App Received Hello World 302
2022-02-28 16:45:44.914491,A000003,Cloud App Received Hello World 302
2022-02-28 16:45:44.914491,A000004,Cloud App Received Hello World 302
2022-02-28 16:45:44.914491,A000005,Cloud App Received Hello World 302
2022-02-28 16:45:44.971644,A000001,Cloud App Received Hello World 303
2022-02-28 16:45:44.971644,A000002,Cloud App Received Hello World 303
2022-02-28 16:45:44.971644,A000003,Cloud App Received Hello World 303
2022-02-28 16:45:44.971644,A000004,Cloud App Received Hello World 303
2022-02-28 16:45:44.971644,A000005,Cloud App Received Hello World 303
2022-02-28 16:45:45.028343,A000001,Cloud App Received Hello World 304
2022-02-28 16:45:45.028343,A000002,Cloud App Received Hello World 304
2022-02-28 16:45:45.028343,A000003,Cloud App Received Hello World 304
2022-02-28 16:45:45.028343,A000004,Cloud App Received Hello World 304
2022-02-28 16:45:45.028343,A000005,Cloud App Received Hello World 304
2022-02-28 16:45:45.092848,A000001,Cloud App Received Hello World 305
2022-02-28 16:45:45.092848,A000002,Cloud App Received Hello World 305
2022-02-28 16:45:45.092848,A000003,Cloud App Received Hello World 305
2022-02-28 16:45:45.092848,A000004,Cloud App Received Hello World 305
2022-02-28 16:45:45.092848,A000005,Cloud App Received Hello World 305
2022-02-28 16:45:45.143970,A000001,Cloud App Received Hello World 306
2022-02-28 16:45:45.143970,A000002,Cloud App Received Hello World 306
2022-02-28 16:45:45.143970,A000003,Cloud App Received Hello World 306
2022-02-28 16:45:45.143970,A000004,Cloud App Received Hello World 306
2022-02-28 16:45:45.143970,A000005,Cloud App Received Hello World 306
2022-02-28 16:45:45.178879,A000001,Cloud App Received Hello World 307
2022-02-28 16:45:45.178879,A000002,Cloud App Received Hello World 307
2022-02-28 16:45:45.178879,A000003,Cloud App Received Hello World 307
2022-02-28 16:45:45.178879,A000004,Cloud App Received Hello World 307
2022-02-28 16:45:45.178879,A000005,Cloud App Received Hello World 307
2022-02-28 16:45:45.227606,A000001,Cloud App Received Hello World 308
2022-02-28 16:45:45.227606,A000002,Cloud App Received Hello World 308
2022-02-28 16:45:45.227606,A000003,Cloud App Received Hello World 308
2022-02-28 16:45:45.227606,A000004,Cloud App Received Hello World 308
2022-02-28 16:45:45.227606,A000005,Cloud App Received Hello World 308
2022-02-28 16:45:45.277746,A000001,Cloud App Received Hello World 309
2022-02-28 16:45:45.277746,A000002,Cloud App Received Hello World 309
2022-02-28 16:45:45.277746,A000003,Cloud App Received Hello World 309
2022-02-28 16:45:45.277746,A000004,Cloud App Received Hello World 309
2022-02-28 16:45:45.277746,A000005,Cloud App Received Hello World 309
2022-02-28 16:45:45.328539,A000001,Cloud App Received Hello World 310
2022-02-28 16:45:45.328539,A000002,Cloud App Received Hello World 310
2022-02-28 16:45:45.328539,A000003,Cloud App Received Hello World 310
2022-02-28 16:45:45.328539,A000004,Cloud App Received Hello World 310
2022-02-28 16:45:45.328539,A000005,Cloud App Received Hello World 310
2022-02-28 16:45:45.392973,A000001,Cloud App Received Hello World 311
2022-02-28 16:45:45.392973,A000002,Cloud App Received Hello World 311
2022-02-28 16:45:45.392973,A000003,Cloud App Received Hello World 311
2022-02-28 16:45:45.392973,A000004,Cloud App Received Hello World 311
2022-02-28 16:45:45.392973,A000005,Cloud App Received Hello World 311
2022-02-28 16:45:45.445391,A000001,Cloud App Received Hello World 312
2022-02-28 16:45:45.445391,A000002,Cloud App Received Hello World 312
2022-02-28 16:45:45.445391,A000003,Cloud App Received Hello World 312
2022-02-28 16:45:45.445391,A000004,Cloud App Received Hello World 312
2022-02-28 16:45:45.445391,A000005,Cloud App Received Hello World 312
2022-02-28 16:45:45.495034,A000001,Cloud App Received Hello World 313
2022-02-28 16:45:45.495034,A000002,Cloud App Received Hello World 313
2022-02-28 16:45:45.495034,A000003,Cloud App Received Hello World 313
2022-02-28 16:45:45.495034,A000004,Cloud App Received Hello World 313
2022-02-28 16:45:45.495034,A000005,Cloud App Received Hello World 313
2022-02-28 16:45:45.560074,A000001,Cloud App Received Hello World 314
2022-02-28 16:45:45.560074,A000002,Cloud App Received Hello World 314
2022-02-28 16:45:45.560074,A000003,Cloud App Received Hello World 314
2022-02-28 16:45:45.560074,A000004,Cloud App Received Hello World 314
2022-02-28 16:45:45.560074,A000005,Cloud App Received Hello World 314
2022-02-28 16:45:45.608867,A000001,Cloud App Received Hello World 315
2022-02-28 16:45:45.608867,A000002,Cloud App Received Hello World 315
2022-02-28 16:45:45.608867,A000003,Cloud App Received Hello World 315
2022-02-28 16:45:45.608867,A000004,Cloud App Received Hello World 315
2022-02-28 16:45:45.608867,A000005,Cloud App Received Hello World 315
2022-02-28 16:45:45.660418,A000001,Cloud App Received Hello World 316
2022-02-28 16:45:45.660604,A000002,Cloud App Received Hello World 316
2022-02-28 16:45:45.660604,A000003,Cloud App Received Hello World 316
2022-02-28 16:45:45.660604,A000004,Cloud App Received Hello World 316
2022-02-28 16:45:45.660604,A000005,Cloud App Received Hello World 316
2022-02-28 16:45:45.710897,A000001,Cloud App Received Hello World 317
2022-02-28 16:45:45.710897,A000002,Cloud App Received Hello World 317
2022-02-28 16:45:45.710897,A000003,Cloud App Received Hello World 317
2022-02-28 16:45:45.710897,A000004,Cloud App Received Hello World 317
2022-02-28 16:45:45.710897,A000005,Cloud App Received Hello World 317
2022-02-28 16:45:45.759955,A000001,Cloud App Received Hello World 318
2022-02-28 16:45:45.759955,A000002,Cloud App Received Hello World 318
2022-02-28 16:45:45.759955,A000003,Cloud App Received Hello World 318
2022-02-28 16:45:45.759955,A000004,Cloud App Received Hello World 318
2022-02-28 16:45:45.759955,A000005,Cloud App Received Hello World 318
2022-02-28 16:45:45.801837,A000001,Cloud App Received Hello World 319
2022-02-28 16:45:45.801837,A000002,Cloud App Received Hello World 319
2022-02-28 16:45:45.801837,A000003,Cloud App Received Hello World 319
2022-02-28 16:45:45.801837,A000004,Cloud App Received Hello World 319
2022-02-28 16:45:45.801837,A000005,Cloud App Received Hello World 319
2022-02-28 16:45:45.861507,A000001,Cloud App Received Hello World 320
2022-02-28 16:45:45.861507,A000002,Cloud App Received Hello World 320
2022-02-28 16:45:45.861507,A000003,Cloud App Received Hello World 320
2022-02-28 16:45:45.861507,A000004,Cloud App Received Hello World 320
2022-02-28 16:45:45.861507,A000005,Cloud App Received Hello World 320
2022-02-28 16:45:45.927819,A000001,Cloud App Received Hello World 321
2022-02-28 16:45:45.927819,A000002,Cloud App Received Hello World 321
2022-02-28 16:45:45.927819,A000003,Cloud App Received Hello World 321
2022-02-28 16:45:45.927819,A000004,Cloud App Received Hello World 321
2022-02-28 16:45:45.927819,A000005,Cloud App Received Hello World 321
2022-02-28 16:45:46.003114,A000001,Cloud App Received Hello World 322
2022-02-28 16:45:46.003114,A000002,Cloud App Received Hello World 322
2022-02-28 16:45:46.003114,A000003,Cloud App Received Hello World 322
2022-02-28 16:45:46.003114,A000004,Cloud App Received Hello World 322
2022-02-28 16:45:46.003114,A000005,Cloud App Received Hello World 322
2022-02-28 16:45:46.086847,A000001,Cloud App Received Hello World 323
2022-02-28 16:45:46.086847,A000002,Cloud App Received Hello World 323
2022-02-28 16:45:46.086847,A000003,Cloud App Received Hello World 323
2022-02-28 16:45:46.086847,A000004,Cloud App Received Hello World 323
2022-02-28 16:45:46.086847,A000005,Cloud App Received Hello World 323
2022-02-28 16:45:46.151974,A000001,Cloud App Received Hello World 324
2022-02-28 16:45:46.151974,A000002,Cloud App Received Hello World 324
2022-02-28 16:45:46.151974,A000003,Cloud App Received Hello World 324
2022-02-28 16:45:46.151974,A000004,Cloud App Received Hello World 324
2022-02-28 16:45:46.151974,A000005,Cloud App Received Hello World 324
2022-02-28 16:45:46.211133,A000001,Cloud App Received Hello World 325
2022-02-28 16:45:46.211133,A000002,Cloud App Received Hello World 325
2022-02-28 16:45:46.211133,A000003,Cloud App Received Hello World 325
2022-02-28 16:45:46.211133,A000004,Cloud App Received Hello World 325
2022-02-28 16:45:46.211133,A000005,Cloud App Received Hello World 325
2022-02-28 16:45:46.269390,A000001,Cloud App Received Hello World 326
2022-02-28 16:45:46.269390,A000002,Cloud App Received Hello World 326
2022-02-28 16:45:46.269390,A000003,Cloud App Received Hello World 326
2022-02-28 16:45:46.269390,A000004,Cloud App Received Hello World 326
2022-02-28 16:45:46.269390,A000005,Cloud App Received Hello World 326
2022-02-28 16:45:46.315369,A000001,Cloud App Received Hello World 327
2022-02-28 16:45:46.315369,A000002,Cloud App Received Hello World 327
2022-02-28 16:45:46.315369,A000003,Cloud App Received Hello World 327
2022-02-28 16:45:46.315369,A000004,Cloud App Received Hello World 327
2022-02-28 16:45:46.315369,A000005,Cloud App Received Hello World 327
2022-02-28 16:45:46.369463,A000001,Cloud App Received Hello World 328
2022-02-28 16:45:46.369463,A000002,Cloud App Received Hello World 328
2022-02-28 16:45:46.369463,A000003,Cloud App Received Hello World 328
2022-02-28 16:45:46.369463,A000004,Cloud App Received Hello World 328
2022-02-28 16:45:46.369463,A000005,Cloud App Received Hello World 328
2022-02-28 16:45:46.427137,A000001,Cloud App Received Hello World 329
2022-02-28 16:45:46.427137,A000002,Cloud App Received Hello World 329
2022-02-28 16:45:46.427137,A000003,Cloud App Received Hello World 329
2022-02-28 16:45:46.427137,A000004,Cloud App Received Hello World 329
2022-02-28 16:45:46.427137,A000005,Cloud App Received Hello World 329
2022-02-28 16:45:46.494248,A000001,Cloud App Received Hello World 330
2022-02-28 16:45:46.494248,A000002,Cloud App Received Hello World 330
2022-02-28 16:45:46.494248,A000003,Cloud App Received Hello World 330
2022-02-28 16:45:46.494248,A000004,Cloud App Received Hello World 330
2022-02-28 16:45:46.494248,A000005,Cloud App Received Hello World 330
2022-02-28 16:45:46.545013,A000001,Cloud App Received Hello World 331
2022-02-28 16:45:46.545013,A000002,Cloud App Received Hello World 331
2022-02-28 16:45:46.545013,A000003,Cloud App Received Hello World 331
2022-02-28 16:45:46.545013,A000004,Cloud App Received Hello World 331
2022-02-28 16:45:46.545013,A000005,Cloud App Received Hello World 331
2022-02-28 16:45:46.594667,A000001,Cloud App Received Hello World 332
2022-02-28 16:45:46.594667,A000002,Cloud App Received Hello World 332
2022-02-28 16:45:46.594667,A000003,Cloud App Received Hello World 332
2022-02-28 16:45:46.594667,A000004,Cloud App Received Hello World 332
2022-02-28 16:45:46.594667,A000005,Cloud App Received Hello World 332
2022-02-28 16:45:46.651614,A000001,Cloud App Received Hello World 333
2022-02-28 16:45:46.651614,A000002,Cloud App Received Hello World 333
2022-02-28 16:45:46.651614,A000003,Cloud App Received Hello World 333
2022-02-28 16:45:46.651614,A000004,Cloud App Received Hello World 333
2022-02-28 16:45:46.651614,A000005,Cloud App Received Hello World 333
2022-02-28 16:45:46.711564,A000001,Cloud App Received Hello World 334
2022-02-28 16:45:46.711564,A000002,Cloud App Received Hello World 334
2022-02-28 16:45:46.711564,A000003,Cloud App Received Hello World 334
2022-02-28 16:45:46.711564,A000004,Cloud App Received Hello World 334
2022-02-28 16:45:46.711564,A000005,Cloud App Received Hello World 334
2022-02-28 16:45:46.767477,A000001,Cloud App Received Hello World 335
2022-02-28 16:45:46.767477,A000002,Cloud App Received Hello World 335
2022-02-28 16:45:46.767477,A000003,Cloud App Received Hello World 335
2022-02-28 16:45:46.767477,A000004,Cloud App Received Hello World 335
2022-02-28 16:45:46.767477,A000005,Cloud App Received Hello World 335
2022-02-28 16:45:46.816505,A000001,Cloud App Received Hello World 336
2022-02-28 16:45:46.816505,A000002,Cloud App Received Hello World 336
2022-02-28 16:45:46.816505,A000003,Cloud App Received Hello World 336
2022-02-28 16:45:46.816505,A000004,Cloud App Received Hello World 336
2022-02-28 16:45:46.816505,A000005,Cloud App Received Hello World 336
2022-02-28 16:45:46.858690,A000001,Cloud App Received Hello World 337
2022-02-28 16:45:46.858690,A000002,Cloud App Received Hello World 337
2022-02-28 16:45:46.858690,A000003,Cloud App Received Hello World 337
2022-02-28 16:45:46.858690,A000004,Cloud App Received Hello World 337
2022-02-28 16:45:46.858690,A000005,Cloud App Received Hello World 337
2022-02-28 16:45:46.928052,A000001,Cloud App Received Hello World 338
2022-02-28 16:45:46.928052,A000002,Cloud App Received Hello World 338
2022-02-28 16:45:46.928052,A000003,Cloud App Received Hello World 338
2022-02-28 16:45:46.928052,A000004,Cloud App Received Hello World 338
2022-02-28 16:45:46.928052,A000005,Cloud App Received Hello World 338
2022-02-28 16:45:46.984087,A000001,Cloud App Received Hello World 339
2022-02-28 16:45:46.984087,A000002,Cloud App Received Hello World 339
2022-02-28 16:45:46.984087,A000003,Cloud App Received Hello World 339
2022-02-28 16:45:46.984087,A000004,Cloud App Received Hello World 339
2022-02-28 16:45:46.984087,A000005,Cloud App Received Hello World 339
2022-02-28 16:45:47.043986,A000001,Cloud App Received Hello World 340
2022-02-28 16:45:47.043986,A000002,Cloud App Received Hello World 340
2022-02-28 16:45:47.043986,A000003,Cloud App Received Hello World 340
2022-02-28 16:45:47.043986,A000004,Cloud App Received Hello World 340
2022-02-28 16:45:47.043986,A000005,Cloud App Received Hello World 340
2022-02-28 16:45:47.086107,A000001,Cloud App Received Hello World 341
2022-02-28 16:45:47.086107,A000002,Cloud App Received Hello World 341
2022-02-28 16:45:47.086107,A000003,Cloud App Received Hello World 341
2022-02-28 16:45:47.086107,A000004,Cloud App Received Hello World 341
2022-02-28 16:45:47.086107,A000005,Cloud App Received Hello World 341
2022-02-28 16:45:47.143403,A000001,Cloud App Received Hello World 342
2022-02-28 16:45:47.143403,A000002,Cloud App Received Hello World 342
2022-02-28 16:45:47.143403,A000003,Cloud App Received Hello World 342
2022-02-28 16:45:47.143403,A000004,Cloud App Received Hello World 342
2022-02-28 16:45:47.143403,A000005,Cloud App Received Hello World 342
2022-02-28 16:45:47.185524,A000001,Cloud App Received Hello World 343
2022-02-28 16:45:47.185524,A000002,Cloud App Received Hello World 343
2022-02-28 16:45:47.185524,A000003,Cloud App Received Hello World 343
2022-02-28 16:45:47.185524,A000004,Cloud App Received Hello World 343
2022-02-28 16:45:47.185524,A000005,Cloud App Received Hello World 343
2022-02-28 16:45:47.242367,A000001,Cloud App Received Hello World 344
2022-02-28 16:45:47.242367,A000002,Cloud App Received Hello World 344
2022-02-28 16:45:47.242367,A000003,Cloud App Received Hello World 344
2022-02-28 16:45:47.242367,A000004,Cloud App Received Hello World 344
2022-02-28 16:45:47.242367,A000005,Cloud App Received Hello World 344
2022-02-28 16:45:47.275746,A000001,Cloud App Received Hello World 345
2022-02-28 16:45:47.275946,A000002,Cloud App Received Hello World 345
2022-02-28 16:45:47.275946,A000003,Cloud App Received Hello World 345
2022-02-28 16:45:47.275946,A000004,Cloud App Received Hello World 345
2022-02-28 16:45:47.275946,A000005,Cloud App Received Hello World 345
2022-02-28 16:45:47.333188,A000001,Cloud App Received Hello World 346
2022-02-28 16:45:47.333188,A000002,Cloud App Received Hello World 346
2022-02-28 16:45:47.333401,A000003,Cloud App Received Hello World 346
2022-02-28 16:45:47.333401,A000004,Cloud App Received Hello World 346
2022-02-28 16:45:47.333401,A000005,Cloud App Received Hello World 346
2022-02-28 16:45:47.383166,A000001,Cloud App Received Hello World 347
2022-02-28 16:45:47.383166,A000002,Cloud App Received Hello World 347
2022-02-28 16:45:47.383166,A000003,Cloud App Received Hello World 347
2022-02-28 16:45:47.383166,A000004,Cloud App Received Hello World 347
2022-02-28 16:45:47.383166,A000005,Cloud App Received Hello World 347
2022-02-28 16:45:47.436255,A000001,Cloud App Received Hello World 348
2022-02-28 16:45:47.436255,A000002,Cloud App Received Hello World 348
2022-02-28 16:45:47.436255,A000003,Cloud App Received Hello World 348
2022-02-28 16:45:47.436255,A000004,Cloud App Received Hello World 348
2022-02-28 16:45:47.436255,A000005,Cloud App Received Hello World 348
2022-02-28 16:45:47.485885,A000001,Cloud App Received Hello World 349
2022-02-28 16:45:47.485885,A000002,Cloud App Received Hello World 349
2022-02-28 16:45:47.485885,A000003,Cloud App Received Hello World 349
2022-02-28 16:45:47.485885,A000004,Cloud App Received Hello World 349
2022-02-28 16:45:47.485885,A000005,Cloud App Received Hello World 349
2022-02-28 16:45:47.543926,A000001,Cloud App Received Hello World 350
2022-02-28 16:45:47.543926,A000002,Cloud App Received Hello World 350
2022-02-28 16:45:47.543926,A000003,Cloud App Received Hello World 350
2022-02-28 16:45:47.543926,A000004,Cloud App Received Hello World 350
2022-02-28 16:45:47.543926,A000005,Cloud App Received Hello World 350
2022-02-28 16:45:47.601146,A000001,Cloud App Received Hello World 351
2022-02-28 16:45:47.601146,A000002,Cloud App Received Hello World 351
2022-02-28 16:45:47.601146,A000003,Cloud App Received Hello World 351
2022-02-28 16:45:47.601146,A000004,Cloud App Received Hello World 351
2022-02-28 16:45:47.601146,A000005,Cloud App Received Hello World 351
2022-02-28 16:45:47.665542,A000001,Cloud App Received Hello World 352
2022-02-28 16:45:47.665542,A000002,Cloud App Received Hello World 352
2022-02-28 16:45:47.665542,A000003,Cloud App Received Hello World 352
2022-02-28 16:45:47.665542,A000004,Cloud App Received Hello World 352
2022-02-28 16:45:47.665542,A000005,Cloud App Received Hello World 352
2022-02-28 16:45:47.730156,A000001,Cloud App Received Hello World 353
2022-02-28 16:45:47.730156,A000002,Cloud App Received Hello World 353
2022-02-28 16:45:47.730156,A000003,Cloud App Received Hello World 353
2022-02-28 16:45:47.730424,A000004,Cloud App Received Hello World 353
2022-02-28 16:45:47.730424,A000005,Cloud App Received Hello World 353
2022-02-28 16:45:47.778713,A000001,Cloud App Received Hello World 354
2022-02-28 16:45:47.778713,A000002,Cloud App Received Hello World 354
2022-02-28 16:45:47.778713,A000003,Cloud App Received Hello World 354
2022-02-28 16:45:47.778713,A000004,Cloud App Received Hello World 354
2022-02-28 16:45:47.778713,A000005,Cloud App Received Hello World 354
2022-02-28 16:45:47.827775,A000001,Cloud App Received Hello World 355
2022-02-28 16:45:47.827775,A000002,Cloud App Received Hello World 355
2022-02-28 16:45:47.827775,A000003,Cloud App Received Hello World 355
2022-02-28 16:45:47.827775,A000004,Cloud App Received Hello World 355
2022-02-28 16:45:47.827982,A000005,Cloud App Received Hello World 355
2022-02-28 16:45:47.877547,A000001,Cloud App Received Hello World 356
2022-02-28 16:45:47.877547,A000002,Cloud App Received Hello World 356
2022-02-28 16:45:47.877547,A000003,Cloud App Received Hello World 356
2022-02-28 16:45:47.877547,A000004,Cloud App Received Hello World 356
2022-02-28 16:45:47.877547,A000005,Cloud App Received Hello World 356
2022-02-28 16:45:47.918670,A000001,Cloud App Received Hello World 357
2022-02-28 16:45:47.918670,A000002,Cloud App Received Hello World 357
2022-02-28 16:45:47.918670,A000003,Cloud App Received Hello World 357
2022-02-28 16:45:47.918670,A000004,Cloud App Received Hello World 357
2022-02-28 16:45:47.918670,A000005,Cloud App Received Hello World 357
2022-02-28 16:45:47.969007,A000001,Cloud App Received Hello World 358
2022-02-28 16:45:47.969007,A000002,Cloud App Received Hello World 358
2022-02-28 16:45:47.969007,A000003,Cloud App Received Hello World 358
2022-02-28 16:45:47.969175,A000004,Cloud App Received Hello World 358
2022-02-28 16:45:47.969175,A000005,Cloud App Received Hello World 358
2022-02-28 16:45:48.020602,A000001,Cloud App Received Hello World 359
2022-02-28 16:45:48.020602,A000002,Cloud App Received Hello World 359
2022-02-28 16:45:48.020602,A000003,Cloud App Received Hello World 359
2022-02-28 16:45:48.020602,A000004,Cloud App Received Hello World 359
2022-02-28 16:45:48.020602,A000005,Cloud App Received Hello World 359
2022-02-28 16:45:48.077558,A000001,Cloud App Received Hello World 360
2022-02-28 16:45:48.077558,A000002,Cloud App Received Hello World 360
2022-02-28 16:45:48.077558,A000003,Cloud App Received Hello World 360
2022-02-28 16:45:48.077558,A000004,Cloud App Received Hello World 360
2022-02-28 16:45:48.077558,A000005,Cloud App Received Hello World 360
2022-02-28 16:45:48.126385,A000001,Cloud App Received Hello World 361
2022-02-28 16:45:48.126385,A000002,Cloud App Received Hello World 361
2022-02-28 16:45:48.126385,A000003,Cloud App Received Hello World 361
2022-02-28 16:45:48.126385,A000004,Cloud App Received Hello World 361
2022-02-28 16:45:48.126385,A000005,Cloud App Received Hello World 361
2022-02-28 16:45:48.183301,A000001,Cloud App Received Hello World 362
2022-02-28 16:45:48.183301,A000002,Cloud App Received Hello World 362
2022-02-28 16:45:48.183301,A000003,Cloud App Received Hello World 362
2022-02-28 16:45:48.183301,A000004,Cloud App Received Hello World 362
2022-02-28 16:45:48.183301,A000005,Cloud App Received Hello World 362
2022-02-28 16:45:48.231304,A000001,Cloud App Received Hello World 363
2022-02-28 16:45:48.231304,A000002,Cloud App Received Hello World 363
2022-02-28 16:45:48.231304,A000003,Cloud App Received Hello World 363
2022-02-28 16:45:48.231304,A000004,Cloud App Received Hello World 363
2022-02-28 16:45:48.231304,A000005,Cloud App Received Hello World 363
2022-02-28 16:45:48.279946,A000001,Cloud App Received Hello World 364
2022-02-28 16:45:48.279946,A000002,Cloud App Received Hello World 364
2022-02-28 16:45:48.279946,A000003,Cloud App Received Hello World 364
2022-02-28 16:45:48.279946,A000004,Cloud App Received Hello World 364
2022-02-28 16:45:48.279946,A000005,Cloud App Received Hello World 364
2022-02-28 16:45:48.337387,A000001,Cloud App Received Hello World 365
2022-02-28 16:45:48.337387,A000002,Cloud App Received Hello World 365
2022-02-28 16:45:48.337387,A000003,Cloud App Received Hello World 365
2022-02-28 16:45:48.337387,A000004,Cloud App Received Hello World 365
2022-02-28 16:45:48.337387,A000005,Cloud App Received Hello World 365
2022-02-28 16:45:48.393955,A000001,Cloud App Received Hello World 366
2022-02-28 16:45:48.393955,A000002,Cloud App Received Hello World 366
2022-02-28 16:45:48.393955,A000003,Cloud App Received Hello World 366
2022-02-28 16:45:48.393955,A000004,Cloud App Received Hello World 366
2022-02-28 16:45:48.393955,A000005,Cloud App Received Hello World 366
2022-02-28 16:45:48.450309,A000001,Cloud App Received Hello World 367
2022-02-28 16:45:48.450309,A000002,Cloud App Received Hello World 367
2022-02-28 16:45:48.450309,A000003,Cloud App Received Hello World 367
2022-02-28 16:45:48.450309,A000004,Cloud App Received Hello World 367
2022-02-28 16:45:48.450309,A000005,Cloud App Received Hello World 367
2022-02-28 16:45:48.512141,A000001,Cloud App Received Hello World 368
2022-02-28 16:45:48.512141,A000002,Cloud App Received Hello World 368
2022-02-28 16:45:48.512141,A000003,Cloud App Received Hello World 368
2022-02-28 16:45:48.512141,A000004,Cloud App Received Hello World 368
2022-02-28 16:45:48.512141,A000005,Cloud App Received Hello World 368
2022-02-28 16:45:48.561350,A000001,Cloud App Received Hello World 369
2022-02-28 16:45:48.561350,A000002,Cloud App Received Hello World 369
2022-02-28 16:45:48.561350,A000003,Cloud App Received Hello World 369
2022-02-28 16:45:48.561350,A000004,Cloud App Received Hello World 369
2022-02-28 16:45:48.561350,A000005,Cloud App Received Hello World 369
2022-02-28 16:45:48.617452,A000001,Cloud App Received Hello World 370
2022-02-28 16:45:48.617452,A000002,Cloud App Received Hello World 370
2022-02-28 16:45:48.617452,A000003,Cloud App Received Hello World 370
2022-02-28 16:45:48.617452,A000004,Cloud App Received Hello World 370
2022-02-28 16:45:48.617452,A000005,Cloud App Received Hello World 370
2022-02-28 16:45:48.681920,A000001,Cloud App Received Hello World 371
2022-02-28 16:45:48.681920,A000002,Cloud App Received Hello World 371
2022-02-28 16:45:48.681920,A000003,Cloud App Received Hello World 371
2022-02-28 16:45:48.681920,A000004,Cloud App Received Hello World 371
2022-02-28 16:45:48.681920,A000005,Cloud App Received Hello World 371
2022-02-28 16:45:48.728002,A000001,Cloud App Received Hello World 372
2022-02-28 16:45:48.728002,A000002,Cloud App Received Hello World 372
2022-02-28 16:45:48.728002,A000003,Cloud App Received Hello World 372
2022-02-28 16:45:48.728002,A000004,Cloud App Received Hello World 372
2022-02-28 16:45:48.728002,A000005,Cloud App Received Hello World 372
2022-02-28 16:45:48.777687,A000001,Cloud App Received Hello World 373
2022-02-28 16:45:48.777687,A000002,Cloud App Received Hello World 373
2022-02-28 16:45:48.777687,A000003,Cloud App Received Hello World 373
2022-02-28 16:45:48.777687,A000004,Cloud App Received Hello World 373
2022-02-28 16:45:48.777687,A000005,Cloud App Received Hello World 373
2022-02-28 16:45:48.834323,A000001,Cloud App Received Hello World 374
2022-02-28 16:45:48.834438,A000002,Cloud App Received Hello World 374
2022-02-28 16:45:48.834438,A000003,Cloud App Received Hello World 374
2022-02-28 16:45:48.834438,A000004,Cloud App Received Hello World 374
2022-02-28 16:45:48.834438,A000005,Cloud App Received Hello World 374
2022-02-28 16:45:48.893789,A000001,Cloud App Received Hello World 375
2022-02-28 16:45:48.893789,A000002,Cloud App Received Hello World 375
2022-02-28 16:45:48.893789,A000003,Cloud App Received Hello World 375
2022-02-28 16:45:48.893789,A000004,Cloud App Received Hello World 375
2022-02-28 16:45:48.893789,A000005,Cloud App Received Hello World 375
2022-02-28 16:45:48.944143,A000001,Cloud App Received Hello World 376
2022-02-28 16:45:48.944143,A000002,Cloud App Received Hello World 376
2022-02-28 16:45:48.944143,A000003,Cloud App Received Hello World 376
2022-02-28 16:45:48.944143,A000004,Cloud App Received Hello World 376
2022-02-28 16:45:48.944143,A000005,Cloud App Received Hello World 376
2022-02-28 16:45:48.994334,A000001,Cloud App Received Hello World 377
2022-02-28 16:45:48.994334,A000002,Cloud App Received Hello World 377
2022-02-28 16:45:48.994334,A000003,Cloud App Received Hello World 377
2022-02-28 16:45:48.994334,A000004,Cloud App Received Hello World 377
2022-02-28 16:45:48.994334,A000005,Cloud App Received Hello World 377
2022-02-28 16:45:49.044780,A000001,Cloud App Received Hello World 378
2022-02-28 16:45:49.044780,A000002,Cloud App Received Hello World 378
2022-02-28 16:45:49.044780,A000003,Cloud App Received Hello World 378
2022-02-28 16:45:49.044780,A000004,Cloud App Received Hello World 378
2022-02-28 16:45:49.044780,A000005,Cloud App Received Hello World 378
2022-02-28 16:45:49.085570,A000001,Cloud App Received Hello World 379
2022-02-28 16:45:49.085570,A000002,Cloud App Received Hello World 379
2022-02-28 16:45:49.085570,A000003,Cloud App Received Hello World 379
2022-02-28 16:45:49.085570,A000004,Cloud App Received Hello World 379
2022-02-28 16:45:49.085570,A000005,Cloud App Received Hello World 379
2022-02-28 16:45:49.149488,A000001,Cloud App Received Hello World 380
2022-02-28 16:45:49.149787,A000002,Cloud App Received Hello World 380
2022-02-28 16:45:49.149787,A000003,Cloud App Received Hello World 380
2022-02-28 16:45:49.149787,A000004,Cloud App Received Hello World 380
2022-02-28 16:45:49.149787,A000005,Cloud App Received Hello World 380
2022-02-28 16:45:49.199594,A000001,Cloud App Received Hello World 381
2022-02-28 16:45:49.199594,A000002,Cloud App Received Hello World 381
2022-02-28 16:45:49.199594,A000003,Cloud App Received Hello World 381
2022-02-28 16:45:49.199594,A000004,Cloud App Received Hello World 381
2022-02-28 16:45:49.199594,A000005,Cloud App Received Hello World 381
2022-02-28 16:45:49.248614,A000001,Cloud App Received Hello World 382
2022-02-28 16:45:49.248614,A000002,Cloud App Received Hello World 382
2022-02-28 16:45:49.248614,A000003,Cloud App Received Hello World 382
2022-02-28 16:45:49.248614,A000004,Cloud App Received Hello World 382
2022-02-28 16:45:49.248614,A000005,Cloud App Received Hello World 382
2022-02-28 16:45:49.305919,A000001,Cloud App Received Hello World 383
2022-02-28 16:45:49.305919,A000002,Cloud App Received Hello World 383
2022-02-28 16:45:49.305919,A000003,Cloud App Received Hello World 383
2022-02-28 16:45:49.305919,A000004,Cloud App Received Hello World 383
2022-02-28 16:45:49.305919,A000005,Cloud App Received Hello World 383
2022-02-28 16:45:49.352995,A000001,Cloud App Received Hello World 384
2022-02-28 16:45:49.352995,A000002,Cloud App Received Hello World 384
2022-02-28 16:45:49.352995,A000003,Cloud App Received Hello World 384
2022-02-28 16:45:49.352995,A000004,Cloud App Received Hello World 384
2022-02-28 16:45:49.352995,A000005,Cloud App Received Hello World 384
2022-02-28 16:45:49.401877,A000001,Cloud App Received Hello World 385
2022-02-28 16:45:49.401877,A000002,Cloud App Received Hello World 385
2022-02-28 16:45:49.401877,A000003,Cloud App Received Hello World 385
2022-02-28 16:45:49.401877,A000004,Cloud App Received Hello World 385
2022-02-28 16:45:49.401877,A000005,Cloud App Received Hello World 385
2022-02-28 16:45:49.466451,A000001,Cloud App Received Hello World 386
2022-02-28 16:45:49.466451,A000002,Cloud App Received Hello World 386
2022-02-28 16:45:49.466451,A000003,Cloud App Received Hello World 386
2022-02-28 16:45:49.466451,A000004,Cloud App Received Hello World 386
2022-02-28 16:45:49.466451,A000005,Cloud App Received Hello World 386
2022-02-28 16:45:49.507464,A000001,Cloud App Received Hello World 387
2022-02-28 16:45:49.507464,A000002,Cloud App Received Hello World 387
2022-02-28 16:45:49.507464,A000003,Cloud App Received Hello World 387
2022-02-28 16:45:49.507464,A000004,Cloud App Received Hello World 387
2022-02-28 16:45:49.507464,A000005,Cloud App Received Hello World 387
2022-02-28 16:45:49.561176,A000001,Cloud App Received Hello World 388
2022-02-28 16:45:49.561176,A000002,Cloud App Received Hello World 388
2022-02-28 16:45:49.561176,A000003,Cloud App Received Hello World 388
2022-02-28 16:45:49.561176,A000004,Cloud App Received Hello World 388
2022-02-28 16:45:49.561176,A000005,Cloud App Received Hello World 388
2022-02-28 16:45:49.612025,A000001,Cloud App Received Hello World 389
2022-02-28 16:45:49.612025,A000002,Cloud App Received Hello World 389
2022-02-28 16:45:49.612025,A000003,Cloud App Received Hello World 389
2022-02-28 16:45:49.612025,A000004,Cloud App Received Hello World 389
2022-02-28 16:45:49.612025,A000005,Cloud App Received Hello World 389
2022-02-28 16:45:49.661578,A000001,Cloud App Received Hello World 390
2022-02-28 16:45:49.661578,A000002,Cloud App Received Hello World 390
2022-02-28 16:45:49.661578,A000003,Cloud App Received Hello World 390
2022-02-28 16:45:49.661833,A000004,Cloud App Received Hello World 390
2022-02-28 16:45:49.661833,A000005,Cloud App Received Hello World 390
2022-02-28 16:45:49.711392,A000001,Cloud App Received Hello World 391
2022-02-28 16:45:49.711392,A000002,Cloud App Received Hello World 391
2022-02-28 16:45:49.711392,A000003,Cloud App Received Hello World 391
2022-02-28 16:45:49.711392,A000004,Cloud App Received Hello World 391
2022-02-28 16:45:49.711392,A000005,Cloud App Received Hello World 391
2022-02-28 16:45:49.760220,A000001,Cloud App Received Hello World 392
2022-02-28 16:45:49.760220,A000002,Cloud App Received Hello World 392
2022-02-28 16:45:49.760220,A000003,Cloud App Received Hello World 392
2022-02-28 16:45:49.760220,A000004,Cloud App Received Hello World 392
2022-02-28 16:45:49.760220,A000005,Cloud App Received Hello World 392
2022-02-28 16:45:49.811209,A000001,Cloud App Received Hello World 393
2022-02-28 16:45:49.811209,A000002,Cloud App Received Hello World 393
2022-02-28 16:45:49.811209,A000003,Cloud App Received Hello World 393
2022-02-28 16:45:49.811209,A000004,Cloud App Received Hello World 393
2022-02-28 16:45:49.811209,A000005,Cloud App Received Hello World 393
2022-02-28 16:45:49.861472,A000001,Cloud App Received Hello World 394
2022-02-28 16:45:49.861472,A000002,Cloud App Received Hello World 394
2022-02-28 16:45:49.861472,A000003,Cloud App Received Hello World 394
2022-02-28 16:45:49.861472,A000004,Cloud App Received Hello World 394
2022-02-28 16:45:49.861472,A000005,Cloud App Received Hello World 394
2022-02-28 16:45:49.918632,A000001,Cloud App Received Hello World 395
2022-02-28 16:45:49.918632,A000002,Cloud App Received Hello World 395
2022-02-28 16:45:49.918632,A000003,Cloud App Received Hello World 395
2022-02-28 16:45:49.918632,A000004,Cloud App Received Hello World 395
2022-02-28 16:45:49.918632,A000005,Cloud App Received Hello World 395
2022-02-28 16:45:49.954778,A000001,Cloud App Received Hello World 396
2022-02-28 16:45:49.954778,A000002,Cloud App Received Hello World 396
2022-02-28 16:45:49.954778,A000003,Cloud App Received Hello World 396
2022-02-28 16:45:49.954778,A000004,Cloud App Received Hello World 396
2022-02-28 16:45:49.954778,A000005,Cloud App Received Hello World 396
2022-02-28 16:45:50.011499,A000001,Cloud App Received Hello World 397
2022-02-28 16:45:50.011499,A000002,Cloud App Received Hello World 397
2022-02-28 16:45:50.011499,A000003,Cloud App Received Hello World 397
2022-02-28 16:45:50.011499,A000004,Cloud App Received Hello World 397
2022-02-28 16:45:50.011499,A000005,Cloud App Received Hello World 397
2022-02-28 16:45:50.061776,A000001,Cloud App Received Hello World 398
2022-02-28 16:45:50.061776,A000002,Cloud App Received Hello World 398
2022-02-28 16:45:50.061776,A000003,Cloud App Received Hello World 398
2022-02-28 16:45:50.061776,A000004,Cloud App Received Hello World 398
2022-02-28 16:45:50.061776,A000005,Cloud App Received Hello World 398
2022-02-28 16:45:50.119375,A000001,Cloud App Received Hello World 399
2022-02-28 16:45:50.119375,A000002,Cloud App Received Hello World 399
2022-02-28 16:45:50.119375,A000003,Cloud App Received Hello World 399
2022-02-28 16:45:50.119375,A000004,Cloud App Received Hello World 399
2022-02-28 16:45:50.119375,A000005,Cloud App Received Hello World 399
2022-02-28 16:45:50.159665,A000001,Cloud App Received Hello World 400
2022-02-28 16:45:50.159665,A000002,Cloud App Received Hello World 400
2022-02-28 16:45:50.159665,A000003,Cloud App Received Hello World 400
2022-02-28 16:45:50.159665,A000004,Cloud App Received Hello World 400
2022-02-28 16:45:50.159665,A000005,Cloud App Received Hello World 400
